<?xml version="1.0" encoding="utf-8" ?><dwsync><file name="Bears_1.png" server="ftp.html5imageeditor.co.uk/www/" local="3424713083" remote="318763443810876132" Dst="-1" /><file name="Bears_2.png" server="ftp.html5imageeditor.co.uk/www/" local="3424713083" remote="318763443810876132" Dst="-1" /><file name="Bears_3.png" server="ftp.html5imageeditor.co.uk/www/" local="3424713083" remote="318763443810876132" Dst="-1" /><file name="ajax.gif" server="ftp.html5imageeditor.co.uk/www/" local="3424713083" remote="318763443810962172" Dst="-1" /><file name="Bears_4.png" server="ftp.html5imageeditor.co.uk/www/" local="3424713083" remote="318763443810876132" Dst="-1" /><file name="ajax.png" server="ftp.html5imageeditor.co.uk/www/" local="3424713083" remote="318763443810962532" Dst="-1" /><file name="balloon.jpg" server="ftp.html5imageeditor.co.uk/www/" local="3424713083" remote="318763443810876132" Dst="-1" /><file name="balloon.png" server="ftp.html5imageeditor.co.uk/www/" local="3424713083" remote="318763443810876132" Dst="-1" /><file name="cat1.png" server="ftp.html5imageeditor.co.uk/www/" local="3424713084" remote="318763443810876132" Dst="-1" /><file name="cat3.png" server="ftp.html5imageeditor.co.uk/www/" local="3424713084" remote="318763443810876132" Dst="-1" /><file name="cat2.png" server="ftp.html5imageeditor.co.uk/www/" local="3424713084" remote="318763443810876132" Dst="-1" /><file name="cat4.png" server="ftp.html5imageeditor.co.uk/www/" local="3424713084" remote="318763443810876132" Dst="-1" /><file name="caterpillar.png" server="ftp.html5imageeditor.co.uk/www/" local="3424713085" remote="318763443810876132" Dst="-1" /><file name="caterpillar2.png" server="ftp.html5imageeditor.co.uk/www/" local="3424713085" remote="318763443810876132" Dst="-1" /><file name="caterpillar3.png" server="ftp.html5imageeditor.co.uk/www/" local="3424713085" remote="318763443810876132" Dst="-1" /><file name="heart.jpg" server="ftp.html5imageeditor.co.uk/www/" local="3424713086" remote="318763443810876132" Dst="-1" /><file name="heart.png" server="ftp.html5imageeditor.co.uk/www/" local="3424713086" remote="318763443810876132" Dst="-1" /><file name="cookbook.jpg" server="ftp.html5imageeditor.co.uk/www/" local="3424713086" remote="318763443810876132" Dst="-1" /><file name="index.php" server="ftp.html5imageeditor.co.uk/www/" local="3424713086" remote="318763443810876132" Dst="-1" /><file name="squirrels.png" server="ftp.html5imageeditor.co.uk/www/" local="3424713086" remote="318763443810876132" Dst="-1" /><file name="world_map.gif" server="ftp.html5imageeditor.co.uk/www/" local="3428588504" remote="318763443821485032" Dst="-1" /><file name="speech-bubble-md.png" server="ftp.html5imageeditor.co.uk/www/" local="3428588994" remote="318763443821485572" Dst="-1" /><file name="square-bubble-upside-down-th.png" server="ftp.html5imageeditor.co.uk/www/" local="3428589128" remote="318763443821485692" Dst="-1" /></dwsync>