<?xml version="1.0" encoding="utf-8" ?><dwsync><file name="form.js" server="ftp.html5imageeditor.co.uk/www/" local="3424713088" remote="318763443811462092" Dst="-1" /><file name="index.php" server="ftp.html5imageeditor.co.uk/www/" local="3424713088" remote="318763443810863232" Dst="-1" /><file name="jquery-ui-1.8.18.custom.min.js" server="ftp.html5imageeditor.co.uk/www/" local="3424713088" remote="318763443811462092" Dst="-1" /><file name="jquery-1.7.2.min.js" server="ftp.html5imageeditor.co.uk/www/" local="3424713088" remote="318763443811462092" Dst="-1" /><file name="jquery.smooth-scroll.min.js" server="ftp.html5imageeditor.co.uk/www/" local="3424713088" remote="318763443811462092" Dst="-1" /><file name="lightbox.js" server="ftp.html5imageeditor.co.uk/www/" local="3424713088" remote="318763443811462092" Dst="-1" /><file name="jquery.js" server="ftp.html5imageeditor.co.uk/www/" local="3424713088" remote="318763443811462092" Dst="-1" /><file name="mobile.js" server="ftp.html5imageeditor.co.uk/www/" local="3424713088" remote="318763443811462092" Dst="-1" /><file name="sendmail.php" server="ftp.html5imageeditor.co.uk/www/" local="3424713088" remote="318763443811462092" Dst="-1" /><file name="version1.js" server="ftp.html5imageeditor.co.uk/www/" local="3425915120" remote="318763443818811612" Dst="-1" /><file name="kinetic-v3.9.3.js" server="ftp.html5imageeditor.co.uk/www/" local="3426005456" remote="318763443818901912" Dst="-1" /><file name="jquery.min.js" server="ftp.html5imageeditor.co.uk/www/" local="3426006078" remote="318763443818902572" Dst="-1" /><file name="map-maker.js" server="ftp.html5imageeditor.co.uk/www/" local="3428589748" remote="318763443821486232" Dst="-1" /></dwsync>