<?xml version="1.0" encoding="utf-8" ?><dwsync><file name="csshover3.htc" server="ftp.html5imageeditor.co.uk/www/" local="3424713079" remote="318763443810876072" Dst="-1" /><file name="ie.css" server="ftp.html5imageeditor.co.uk/www/" local="3424713079" remote="318763443810876072" Dst="-1" /><file name="ie_down1.png" server="ftp.html5imageeditor.co.uk/www/" local="3424713079" remote="318763443810876072" Dst="-1" /><file name="ie_down1b.png" server="ftp.html5imageeditor.co.uk/www/" local="3424713079" remote="318763443810876072" Dst="-1" /><file name="ie_down2.png" server="ftp.html5imageeditor.co.uk/www/" local="3424713079" remote="318763443810876072" Dst="-1" /><file name="ie_left1.png" server="ftp.html5imageeditor.co.uk/www/" local="3424713079" remote="318763443810876072" Dst="-1" /><file name="ie_left2.png" server="ftp.html5imageeditor.co.uk/www/" local="3424713079" remote="318763443810876072" Dst="-1" /><file name="ie_right1.png" server="ftp.html5imageeditor.co.uk/www/" local="3424713079" remote="318763443810876072" Dst="-1" /><file name="ie_right2.png" server="ftp.html5imageeditor.co.uk/www/" local="3424713079" remote="318763443810876072" Dst="-1" /></dwsync>